CpuUsageRate(%),MemoryUsageRate(%),SyscallRead,SyscallWrite,NetworkP90(ms)
18.148346470503457,81.12354461477993,0.0,0.0,3.4771357999999988
18.77308803013819,16.50018559104104,0.0,0.0,0
