CpuUsageRate(%),MemoryUsageRate(%),SyscallRead,SyscallWrite,NetworkP90(ms)
10.3532161670148034,20.191237306922293,0.0,0.0,300
10.19451387484825244,12.30373719503925384,0.0,0.0,0
