CpuUsageRate(%),MemoryUsageRate(%),SyscallRead,SyscallWrite,NetworkP90(ms)
0.33933059468645627,20.189017806064108,0.0,0.0,300
0.221339343531029,20.44177974724011043,0.0,0.0,0
