CpuUsageRate(%),MemoryUsageRate(%),SyscallRead,SyscallWrite,NetworkP90(ms)
1.114771133276474,46.387030415713266,0.0,0.0,20.3928946
0.7036097605512729,10.674383347069235,0.0,0.0,20.5621412217201127
